author,code,date,likes,comments,followers,er_pct,is_high_er,card_count,post_age_days,caption_length,first_line_length,hashtag_count,mention_count,first_line_has_arrow,first_line_has_question,first_line_has_emoji,newline_count,style,topic,tone_구어체_어미,tone_1인칭_화자,tone_단정형_도발,tone_지시·CTA,tone_권위_인용,tone_이야기_훅,emoji_density,first_line,bio
ji.___ya,Cg4I8A_v9aq,20220805,5648,0,4587,123.13,1,4,1371,517,14,1,0,0,0,0,9,개인_기록·일상,의학·건강,1,1,0,0,0,0,0.75,#지야의80일 .,"🧸내이름은 전하루ෆ⸒⸒
🍼9월 18일 지구별 도착
👶🏻아기랑 카페투어♥"
anime.honeyjam,C--WIpNvKzF,20240822,22483,0,19868,113.16,1,9,623,92,21,11,0,0,0,0,5,유머·짤,의학·건강,0,0,0,0,0,0,0.0,아무튼 중독입니다,"• 🍯애니만 쏙쏙!!
• 다양한 장르의 애니 모아둠☆٩(｡•ω<｡)و
#애니제목 #해시태그_확인 #광고x"
youngmd_do.right,CEF0AqSBCyS,20200820,4082,0,12376,32.98,1,6,2086,638,58,16,1,0,1,0,6,기타,의학·건강,0,0,0,0,0,0,0.0,진정으로 원점에서 시작할 수는 없었던 것일까요?,"대한전공의협의회 비상대책위원회
Do no harm, Do right
의료정책 바로알기:"
diet_day3,C0WZPQGroJ1,20231202,1002,0,4089,24.5,1,5,887,1261,12,6,0,0,0,0,38,정보성_가이드,다이어트·체중,0,0,0,0,0,1,0.0,안녕하세요,"👉적게 먹고 많이 움직이는 다이어트 그만
👉다이어트 식단 정보 제시
👉스포츠영양학코치"
aus.picious,BfaFxDin6QN,20180220,1222,0,5226,23.38,1,5,2998,186,30,6,0,0,0,0,4,유머·짤,의학·건강,1,0,0,0,0,0,0.0,ㅋㅋㅋㅋㅋ완전 애기같이 나왔노 ,"Art Director • Dancer
⠀
세상에 어떻게 남겨질 것인가 - 
@project_oumtt 
@hanyang_univ"
diet.design_,CnMZnEDvCO8,20230109,4253,0,18532,22.95,1,9,1214,3593,7,1,0,0,0,0,41,정보성_가이드,증상·질환,0,1,0,1,0,1,0.0,#첫줄,"나만의 다이어트를 다시 설계하는 시간
감량이 멈춘 이유부터 시작하는 대사 회복 기반 감량 코칭
대사 회복을 위한 첫걸음, 상담 신청 ⬇️
#대사"
medical_newsroom,DRgWuKKjxKc,20251126,34955,0,174313,20.05,1,7,162,692,62,5,0,0,0,0,8,정보성_팩트체크,의학·건강,0,0,1,0,0,0,0.28,평생 진짜라고 믿어왔지만 사실은 잘못된 6가지 속설,"요즘 뜨는 건강·의학·최신 트렌드
매일 업데이트되는 건강해지는 이야기
⠀
📩 Contact : medical_newsroom@trinitylab"
dailybeauty_wellness,DJ1Ue3NT9GV,20250519,3746,0,20429,18.34,1,4,353,841,26,2,4,0,0,1,18,정보성_팩트체크,다이어트·체중,0,0,0,0,0,0,1.3,초간단 식욕 억제법 🤔,"당신의 삶을 아름답게 해드립니다 ✨
데일리 뷰티💄웰니스 정보  😌✍🏻"
cch0228,B32qXD2BGE2,20191021,1730,0,13948,12.4,1,3,2390,107,15,2,1,0,0,0,4,정보성_팩트체크,기타,0,0,0,0,0,0,0.0,우리 어머니는 ,
su_jineee,DGf0YpIvb37,20250225,3613,0,30601,11.81,1,8,436,649,56,11,1,0,0,0,11,정보성_가이드,다이어트·체중,0,0,0,0,0,0,1.16,#근황 Ꙭ̮ 요즘 식단 조절만으로 다이어트가 어려워서,⠀ ⠀  ⠀ ⠀💌 jsj4881@naver.com
diet.design_,CynrBOeNXJ_,20231020,2152,0,18532,11.61,1,7,930,2748,8,1,0,0,0,0,52,기타,다이어트·체중,0,0,1,1,0,0,0.0,#첫줄 ,"나만의 다이어트를 다시 설계하는 시간
감량이 멈춘 이유부터 시작하는 대사 회복 기반 감량 코칭
대사 회복을 위한 첫걸음, 상담 신청 ⬇️
#대사"
gamsusung__,Co3qBMePMqd,20230220,4080,0,35675,11.44,1,4,1172,111,12,8,0,0,0,0,4,기타,의학·건강,0,0,0,0,0,0,0.0,대단하다...,
chokwang_paint,C2jeeOeSaBg,20240126,1189,0,11667,10.19,1,3,832,1642,60,16,1,0,0,0,30,광고·이벤트,기타,0,1,0,1,0,1,4.6,#조광페인트 #5000팔로워 #이벤트 #팔로우 #최애 #콘텐츠,"직장인 누구나 공감할
조광페인트🏭 주5일 존버일기🔥
#떴다조광패밀리
_
👇이벤트 진행 중! 클릭 🎁"
seokyoungduk,DGB7JMnzX1p,20250214,12881,0,127091,10.14,1,2,447,1252,97,12,0,0,0,0,16,개인_기록·일상,의학·건강,0,1,1,0,0,0,0.0,오늘(14일)은 안중근 의사 사형 선고일이자 하얼빈 동계아시안게임 폐막식 날입니다.,"전 세계에 한국의 문화와 역사를 널리 알리고 있는
성신여대 서경덕 교수의 인스타그램 입니다~^^"
donga_otsuka,C131lkTS9V8,20240109,1041,0,13676,7.61,1,8,849,583,53,0,1,0,0,1,15,정보성_가이드,운동·바디,0,0,0,1,0,0,1.51,[EVENT]펄펄 내리는 흰 눈같은 따뜻한 포카리💙 ,X-코카스 체험단 신청하기💚
nuna_enter,DH94fwASJYs,20250403,7192,0,97468,7.38,1,2,399,75,22,4,0,0,0,0,6,유머·짤,의학·건강,1,0,0,0,0,0,0.0,환상의 콜라보 ㅋㅋㅋㅋㅋ,"실시간 모든 흥미로운 소식들
광고 및 기타문의는 DM 부탁드려요📲"
diet.design_,CkIsk_NPnr7,20221025,1356,0,18532,7.32,1,8,1290,3674,41,0,0,0,0,0,38,정보성_가이드,운동·바디,0,0,1,1,0,0,0.0,[도움이 된다면 저장해서 활용하세요],"나만의 다이어트를 다시 설계하는 시간
감량이 멈춘 이유부터 시작하는 대사 회복 기반 감량 코칭
대사 회복을 위한 첫걸음, 상담 신청 ⬇️
#대사"
pretty_good_tip,CcPQ396rp9T,20220412,6476,0,100603,6.44,1,7,1486,270,48,15,1,0,0,1,4,정보성_가이드,운동·바디,0,0,0,0,0,0,1.38,내 안에 숨겨져있는 키 찾아주는 운동법💛🤍,"✨💗예뻐지는 모든 #꿀팁 대방출💗✨
광고 및 협업문의는 👉cm@cmmkt.co.kr 
.
@lady_good_tip 👈 모든 꿀팁 모아보기💕
👇"
timehunter_unni,CkmeO1jOtTT,20221106,4264,0,71947,5.93,1,5,1278,113,38,7,0,0,0,0,4,유머·짤,다이어트·체중,1,0,0,0,0,0,0.0,자신감이 15kgㅋㅋㅋㅋㅋㅋㅋ배워서써먹자...,"여러분의 시간을 훔치는 유머 담당 언니😎
팔로우하면 매일 매일 꿀잼 예약 ᰔ"
diet.design_,CnO90cKPhA6,20230110,1038,0,18532,5.6,1,5,1213,1798,64,0,0,0,0,0,34,기타,증상·질환,0,1,1,0,0,0,0.0,기초대사를 근육량으로 올리는 건 정확한 이야기가 아니다,"나만의 다이어트를 다시 설계하는 시간
감량이 멈춘 이유부터 시작하는 대사 회복 기반 감량 코칭
대사 회복을 위한 첫걸음, 상담 신청 ⬇️
#대사"
idolissue,CyLozM_vbM_,20231009,15826,0,289764,5.46,1,10,941,234,54,16,0,0,0,0,2,정보성_팩트체크,아이돌·연예,0,0,0,0,0,0,0.0,최근 팬싸 포토타임에서 칠꾸 당하고 있는 NCT 127,"No.1 아이돌 전문 채널
아이돌 이슈 공식 인스타그램"
goghoststudio,CzLMDotpoQz,20231103,1363,0,25022,5.45,1,2,916,461,20,16,0,0,0,0,12,개인_기록·일상,의학·건강,0,0,0,0,0,0,1.08,[#이이담 #임재혁],𝗚𝗛𝗢𝗦𝗧 𝗦𝗧𝗨𝗗𝗜𝗢 𝗼𝗳𝗳𝗶𝗰𝗶𝗮𝗹 𝗮𝗰𝗰𝗼𝘂𝗻𝘁
inoo.ari.duri,C4g40XNJLNe,20240315,4988,0,100542,4.96,0,3,783,269,192,8,0,0,0,1,2,유머·짤,의학·건강,0,0,0,0,0,0,2.05,"✅발냄새의 효능효과 : 발냄새는 기분이 안좋을 때 맡으면 기분이 좋아지고, 기분이 좋을 때 맡으면 더 좋아지","강아지랑 복작복작🥰
💬 nurikim21c@naver.com"
heek_r,BVwO_sJD4cr,20170625,8505,0,193777,4.39,0,2,3238,164,164,8,0,0,1,0,0,정보성_팩트체크,기타,0,0,0,0,0,0,0.0,#히끄 #어떻게거기에쏘옥들어갔을까요? #HTBC #팩트체크 #고양이의유연성을무시하지마롸 #우당탕탕 #히끄가주,🎗️제주도에서 조그마한 민박과 농장을 하면서 히끄와 행복하게 살고 있습니다. 예약된 민박 손님 외에 집 주변을 서성거리면 조치합니다.(CCTV 
power_biolife,DUiHSIiEzQP,20260209,1535,0,35272,4.35,0,9,87,91,25,5,0,0,0,0,4,기타,의학·건강,0,0,0,0,0,0,0.0,바로 수육먹으러 갑니다,"건강정보를 업로드 합니다
광고 기획, 제작 문의는 DM 주세요"
parkyeny,C6ddZgwLH5T,20240502,4127,0,100049,4.12,0,5,735,669,30,5,0,0,0,1,23,정보성_가이드,의학·건강,0,1,0,0,0,0,1.97,브라질 아니고 여의도입니다🇧🇷,"⠀
👩‍❤️‍👨장기연애 9년차가 말아주는 도파민 데이트
🍷기념일 맛집 , 이색 카페 , 가끔 여행
📨문의는 DM | yeeun2012@naver"
the.dooboo,DL7QFNHJF-R,20250710,1172,0,30457,3.85,0,7,301,791,1,0,0,0,0,0,26,정보성_가이드,의학·건강,1,0,0,0,0,0,1.51,.,"프리미엄 수제두부
100% 국내산콩,해양심층수만으로
전통맷돌에서 내리는 무첨가 손두부
확장이전 주소)
양산시 물금읍 백호 2길 27-11
두부 "
medical_newsroom,DQQa-2jj8LB,20251026,6253,0,174313,3.59,0,3,193,1574,33,5,0,0,0,0,16,정보성_팩트체크,기타,0,0,0,0,1,0,0.1,"“기도하는 순간, 뇌가 변했다”","요즘 뜨는 건강·의학·최신 트렌드
매일 업데이트되는 건강해지는 이야기
⠀
📩 Contact : medical_newsroom@trinitylab"
lady_life_info,C4o8OlxvAdf,20240318,3472,0,101014,3.44,0,7,780,216,45,13,1,0,0,0,5,정보성_가이드,다이어트·체중,0,0,0,0,0,0,0.0,마른 체질로 바꿔주는 생활 습관 추천❕❕,"💗 여자들이 원하는 생활정보를 공유합니다 💗
👇🏻여자들의 숨은 꿀템 장바구니👇🏻"
lady_pretty_space,CrKgtItNJAC,20230418,2431,0,79715,3.05,0,9,1115,316,52,18,0,0,1,0,5,정보성_가이드,다이어트·체중,0,0,0,0,0,0,0.56,갑자기 중요한 약속이 잡혔다면? ( •̀ .̫ •́ )✧,"여자들의 다양한 뷰티/패션/꿀팁은 여예공💖
광고 및 모든 문의는 DM 💌
 
👇문의 많은 제품 정보"
unni_secret_note,DBum3JvvmFM,20241030,3369,0,113814,2.96,0,9,554,227,32,16,1,0,0,0,6,정보성_가이드,의학·건강,0,1,0,0,0,0,0.81,영양소별 내 몸에 부족할 때,"언니가 알려주는 비밀 꿀팁 노트📖
나만 알고 싶었던 꿀팁을 소개합니다🤫
👇🏻언니의 PICK 장바구니💜"
joongangilbo,B3C9qIhBXGu,20191001,4037,0,142318,2.84,0,7,2410,159,47,6,0,0,0,0,2,정보성_팩트체크,기타,0,0,1,0,0,0,0.0,대부분 사람들이 잘못 알고 있는 사실들,"우리 마음에 가까운 스토리 😉🖊📷 
기사 전문 보러가기👇"
pretty_good_tip,DDtNNugNRcS,20241218,2401,0,100603,2.39,0,5,505,311,43,10,1,0,0,1,5,정보성_가이드,다이어트·체중,0,0,0,0,0,0,0.59,(˶˃⤙˂˶) 통통해보이는 볼살 빼는 법!!🩷,"✨💗예뻐지는 모든 #꿀팁 대방출💗✨
광고 및 협업문의는 👉cm@cmmkt.co.kr 
.
@lady_good_tip 👈 모든 꿀팁 모아보기💕
👇"
sunny_yaksa,C5f-8GzvLjM,20240408,1721,0,78185,2.2,0,8,759,597,52,0,3,0,0,0,19,정보성_가이드,의학·건강,0,0,0,1,0,0,3.89,"약사엄마 & 의사아빠의 ✨상처,흉터 연고 총정리✨","🔸본업(약국, 병원)과 육아로 상담이 어렵답니다😭
🔸급한 상담은 가까운 약국 이용바랍니다🙌
🔻약사정리본은 아래의 링크에서 확인 가능합니다🔻"
imms_unni,C0eBp6vJjpH,20231205,1118,0,51514,2.17,0,2,884,1604,50,17,0,0,0,0,38,유머·짤,다이어트·체중,1,0,0,0,0,0,0.36,장모님과 포옹하는 홍서방을 담고 싶은데..,"❤️13일 키성장임쓰쉐이크 
7주째 대기 중이신 분들께 순차적으로
구매링크 카톡으로 드리겠습니다
(메타에서 대량 DM발송시 계정 삭제 조치가 있"
_yoonsem,DX03vOFkTl5,20260502,1181,0,55473,2.13,0,9,5,77,37,4,0,0,0,0,1,기타,의학·건강,0,0,0,0,0,0,0.0,더운 여름 고양이 건강관리 요령,"후원,광고문의:hong.jun.yoon@gmail.com
유튜브 : 윤샘의 마이펫상담소
유튜브 : 윤샘의 강아지상담소"
a.k.a_seb,Cr4T6cUPa9-,20230506,1616,0,80133,2.02,0,2,1097,3263,477,11,1,0,0,0,24,정보성_팩트체크,운동·바디,0,0,1,0,0,0,0.19,"근성장에 있어서 강도높은 훈련도 중요하지만, 휴식과 영양섭취가 중요하다는 사실은 전혀 새로울 게 없는 이야기","IFBB PRO | Lifetime Natural | 24 Years Training
@ironmaxx_kor 독일 프리미엄 뉴트리션
@rank"
jex_xy,CL6mZyLHz07,20210302,3656,0,189700,1.93,0,8,1892,1693,27,2,0,0,0,0,57,광고·이벤트,의학·건강,0,1,0,0,0,1,0.0,간만에 거울샷 눈바디 ⠀,"할 수 있다고 믿고 해내
📩 jexxy.studio@gmail.com
⠀
.
.
 @verite_kr"
28insook,BklZ9ygnJc1,20180629,1640,0,93129,1.76,0,3,2869,958,76,24,1,0,0,1,10,기타,증상·질환,0,0,0,0,0,0,0.38,돼지🐷김밥을 만들고 싶었는데 사다놓은 소시지가 토끼용이라 토끼로~🐰,#숙이네집밥
pretty_good_tip,DGWnV8cMt6z,20250222,1547,0,100603,1.54,0,8,439,312,40,14,1,0,0,1,5,정보성_가이드,다이어트·체중,0,0,0,1,0,0,2.84,2주에 11kg 감량! 🏃💨 계란 다이어트 🥚🍳🐣,"✨💗예뻐지는 모든 #꿀팁 대방출💗✨
광고 및 협업문의는 👉cm@cmmkt.co.kr 
.
@lady_good_tip 👈 모든 꿀팁 모아보기💕
👇"
insight.co.kr_life,DDIyHRtzg89,20241204,1710,0,113243,1.51,0,5,519,147,95,6,0,0,0,0,2,정보성_가이드,증상·질환,0,0,0,0,0,0,0.0,변비 심하면 '빨대와 물 한 잔' 가지고 화장실 가라... 의사가 추천한 신박한 해결책,📧 비즈니스 문의 DM / 메일 : ad_team@insight.co.kr
shesblanc,CnvEKlzPEmA,20230123,1455,0,100753,1.44,0,9,1200,2510,6,21,18,0,0,0,86,광고·이벤트,운동·바디,0,1,0,0,0,0,1.53,#광고,"지금은 좋아하는 것만 하고 사는 중😍
✉️ lyj_0313@naver.com"
healthy.hye__,DAHepNWzzIK,20240920,3103,0,247382,1.25,0,2,594,261,31,0,0,0,0,0,6,기타,다이어트·체중,0,0,0,0,0,0,0.76,살이 진짜 많이 빠지긴 했다,"Train for the life you want to live / Seoul 🇰🇷
📩 healthy.hye93@gmail.com
TRIATHL"
u.jae_,CggI4WnJygB,20220727,1424,0,113481,1.25,0,4,1380,2075,41,8,3,0,0,0,49,광고·이벤트,다이어트·체중,0,1,0,1,0,0,0.67,#광고 #마켓공지 @vitalbeautie_official,"♥ 노베브 @nobev_official
~5/8 딘시 톤업선크림 역대 최저가 마켓"
s_1min,CyU6XTxroA9,20231013,1968,0,158555,1.24,0,8,937,1989,49,0,0,0,0,0,38,개인_기록·일상,운동·바디,0,0,0,0,0,0,0.68,오늘두 공복 운동 성.공.적 ( •̀ ω •́ )✧ !!,"workout • diet • self care • skincare
⠀⠀⠀⠀⠀⠀⠀⠀⠀
꾸준함이 습관을 만들고, 습관이 모여 건강한 나를 만든다!"
stretchjoy,CldUlkbh0uh,20221127,1777,0,144344,1.23,0,6,1257,1243,15,3,2,0,0,0,32,매체·뉴스,운동·바디,0,0,0,1,0,0,0.0,@어깨친구소환,"스트레칭전도사
근골격계를 살리는 스트레칭, 스트레칭도 운동이다 🤸🏻‍♀️
다리찢기 클래스 | 해피엔딩 93기 6월 신청 👇🏻
@stretchjo"
monster_travel__,DF4l4RQzxmc,20250210,1212,0,98926,1.23,0,3,451,633,38,0,0,0,1,1,13,개인_기록·일상,영양제·식품,0,0,0,0,0,0,2.31,"영양제, 언제 먹어야 효과적일까?🧐","ᴡᴏʀʟᴅ ᴛʀᴀᴠᴇʟ & ʟɪꜰᴇ ꜱᴛʏʟᴇ
-
📌제보는 monster_travel__
💌광고/협업 문의 ᴅᴍ"
1club.kr,DXitX_WieQB,20260425,3546,0,298776,1.19,0,8,12,2303,51,4,2,0,0,1,21,정보성_팩트체크,영양제·식품,0,1,0,1,0,1,0.25,😎 김앤장 변호사가 영양제 시장에 뛰어든 이유,"Luxury Lifestyle Magazine
Inquiries: info@1percentclub.kr"
wikitree,CnLpGoihnch,20230109,3202,0,275778,1.16,0,8,1214,128,41,8,0,0,0,0,3,정보성_팩트체크,기타,0,0,0,0,0,0,0.0,"김가영 ""'더 글로리' 과몰입러로서...""",
mz_.life,DPDY4PYARMZ,20250926,1938,0,170377,1.14,0,5,223,131,35,4,1,0,1,0,4,기타,의학·건강,0,0,0,0,0,0,1.45,@@영양제 뭐 챙겨먹고 있었어??,"MZ들이 뭐하고 사는지 궁금해❓
엠지력 만땅 에디터가 낋여오는 트렌드😎🔥
-
🔻비지니스 문의는 링크 Click!"
medical_newsroom,DRI21zrkpxZ,20251117,1867,0,174313,1.07,0,3,171,1130,58,5,0,0,0,0,12,정보성_팩트체크,의학·건강,0,0,0,0,0,0,0.16,"주 4회, 20분씩 사우나를 하면 수명이 늘어날 수 있다","요즘 뜨는 건강·의학·최신 트렌드
매일 업데이트되는 건강해지는 이야기
⠀
📩 Contact : medical_newsroom@trinitylab"
wikitree,CzvqS8JrjPv,20231117,2825,0,275778,1.02,0,9,902,123,34,9,0,0,0,0,3,기타,의학·건강,0,0,0,0,0,0,0.0,국내 의료 기술이 대단하네요..!!,
wikitree,C6s6ER7INlV,20240508,2613,0,275778,0.95,0,7,729,108,29,6,1,0,0,0,3,기타,의학·건강,0,0,0,0,0,0,0.0,취재진 앞에 선 20대 A씨.. ,
sunyeoya,CdX0MscJu36,20220510,1272,0,136137,0.93,0,4,1458,1144,28,2,1,0,0,0,23,개인_기록·일상,다이어트·체중,0,0,0,0,0,0,1.04,두부유부초밥 처음 먹어봄,"* 자기계발러 10년차
* 정보 나누며 글 쓰고 영상 만드는 크리에이터
* 18개월 딸래미 가정보육 일상
📚 [드림노트] [밀가루단식] 저자"
chlove_u,DLrgL5upi1P,20250704,1189,0,127189,0.93,0,11,307,309,122,2,0,0,0,0,9,매체·뉴스,기타,0,0,0,0,0,0,0.0,"아주 오래 전에 만들어졌지만 그 시대의 진지한 무언가였을 유물들 속에서, 우리는 자꾸 귀여움을 발견합니다.","문화재청의 새 이름, 국가유산청 공식 인스타그램입니다.
#국가유산 #문화유산 #자연유산 #무형유산 #Korea"
stretchjoy,CkvEcwsBC7s,20221109,1334,0,144344,0.92,0,4,1275,1460,20,0,3,0,0,0,37,개인_기록·일상,운동·바디,0,0,0,1,0,1,0.0,@절실한친구소환,"스트레칭전도사
근골격계를 살리는 스트레칭, 스트레칭도 운동이다 🤸🏻‍♀️
다리찢기 클래스 | 해피엔딩 93기 6월 신청 👇🏻
@stretchjo"
lady_good_tip,C62Wo3WNaeK,20240512,1171,0,128555,0.91,0,8,725,327,38,22,2,0,0,0,5,정보성_가이드,운동·바디,1,0,0,0,0,0,0.58,얇은 팔뚝을 만드는 생활습관,"💖필요한 꿀팁만 알려드릴게요💖
.
광고 및 협업문의✉️
cm@cmmkt.co.kr"
leehyewon2002,CTUojLnntrx,20210902,1617,0,200608,0.81,0,2,1708,148,67,3,1,0,0,0,4,정보성_팩트체크,아기·육아,0,0,0,0,0,0,1.2,대학교때 미술관을 하루에도 몇번씩 다녔던 기억이 나네요...,바로가기⬇️ @rehyewon_lifestylecompany.
stretchjoy,CkdMiE-B1ep,20221102,1154,0,144344,0.8,0,5,1282,1770,22,3,1,0,0,0,47,정보성_가이드,운동·바디,0,0,0,1,0,1,0.0,@애플힙원하는친구,"스트레칭전도사
근골격계를 살리는 스트레칭, 스트레칭도 운동이다 🤸🏻‍♀️
다리찢기 클래스 | 해피엔딩 93기 6월 신청 👇🏻
@stretchjo"
joongangilbo,DLHeCBHoHQb,20250620,1064,0,142318,0.75,0,4,321,1405,140,4,0,0,0,0,19,매체·뉴스,의학·건강,0,0,1,0,0,0,0.28,지난해 서울에서 발생한 강남역 의대생 살인 사건 피해자의 유족이 20일 사체손괴 혐의로 가해자 최모씨(26),"우리 마음에 가까운 스토리 😉🖊📷 
기사 전문 보러가기👇"
wikitree,Crnvaf2Js_J,20230429,2052,0,275778,0.74,0,7,1104,221,37,15,0,0,0,0,3,유머·짤,다이어트·체중,0,0,0,0,0,0,0.0,뚜렷해진 이목구비…. 대박이네요!!!,
hinew.me,C4F-rBZJdru,20240304,1191,0,165392,0.72,0,6,794,903,37,14,1,0,0,1,15,정보성_가이드,다이어트·체중,0,1,0,0,0,0,1.1,#광고 식단 중🤍 @grainon_official ,"168cm 50kg / 같이 예뻐지자(ღˇᴗˇ)｡o♡
📮newh0@naver.com"
un_ni_tip,DB53xOBpnAj,20241103,2916,0,463051,0.63,0,6,550,140,48,8,1,0,0,0,3,정보성_가이드,다이어트·체중,0,0,0,0,0,0,0.0,체중 감량한 사람들이 무조건 지키는 것!✅,"언니가 알려주는 유용한 꿀팁 A-Z까지💕
트렌디한 여자들의 대표 커뮤니티
.
✉️Contact mail
ad@feedkorea.kr"
wikitree,C3152LxLDHz,20240227,1728,0,275778,0.63,0,7,800,161,62,10,0,0,0,0,3,기타,의학·건강,0,0,0,0,0,0,0.0,전공의들에 대한 정부의 압박 수위가 거세지고 있습니다.,
ebsstory,CLnvev_MVJd,20210223,1801,0,290872,0.62,0,2,1899,62,62,0,0,0,0,0,0,기타,의학·건강,0,0,0,0,0,0,0.0,혈관 절반이 막히기 전에는 증상도 없다는 동맥경화,"EBS 공식 인스타그램🧡
프로필 링크를 눌러봐요👇"
wikitree,C6sBbnuLBZy,20240508,1702,0,275778,0.62,0,7,729,146,59,7,1,0,0,0,3,기타,의학·건강,0,0,0,0,0,0,0.0,여자친구가 이별하자고 해 범행했다고 진술한 상태.. ,
h1003141592,C_O0mmaSFKM,20240829,4344,0,713191,0.61,0,17,616,2070,45,0,0,0,0,0,25,기타,운동·바디,0,1,0,0,0,0,2.23,다이어트가 지칠 때 마인드 + 새로운 도전❤️,"📍초등교사 출신, -14kg 감량🥺,서울대학교 석사
📍여리여리탄탄하게! 36만 유튜버
📍(오프라인) 초밀착 PT(온라인) 라인온 PT
📍운동만 "
kyung118,DOkE0L0kl9l,20250914,1209,0,212948,0.57,0,5,235,193,11,11,0,0,0,0,9,개인_기록·일상,기타,0,0,0,0,0,0,0.97,#홈브런치,
hi1004hi,DTrPv4_kzqe,20260119,1114,0,198693,0.56,0,8,108,1038,29,5,1,0,0,0,31,정보성_팩트체크,기타,0,1,0,0,0,0,0.55,#협찬 @naturalplus_official,"🎀 샤탕's Daily: 뷰티부터 데일리템까지 기록하기
🏷️ 삶의 질을 높이는 검증된 꿀템만 골라드려요
💌 CONTACT : DM & s1004"
un_ni_tip,DHvqf_cpZcw,20250328,2563,0,463051,0.55,0,3,405,136,36,7,1,0,0,1,3,기타,의학·건강,0,0,0,0,0,0,1.43,10대 때 결정하는 내 건강 상태🚨,"언니가 알려주는 유용한 꿀팁 A-Z까지💕
트렌디한 여자들의 대표 커뮤니티
.
✉️Contact mail
ad@feedkorea.kr"
run___cook,DBVqqfSBtMG,20241020,1241,0,267590,0.46,0,7,564,4049,12,11,0,0,0,0,135,광고·이벤트,영양제·식품,0,1,1,1,0,0,0.49,#상세설명,"•배달음식과 소주로 망가졌던 삼남매 아빠
•스무디와 런닝으로 찾은 회복 루틴
•매일 뛰며 15kg뺀 남편 (런)
•채식요리 전공한 영양사 아내 "
wikitree,C3g2EHEN78m,20240219,1191,0,275778,0.43,0,10,808,109,39,7,0,0,0,0,3,기타,의학·건강,0,0,0,0,0,0,0.0,전국 확산될 것으로 예측됩니다..,
wikitree,Cyfn6CMv_fc,20231017,1169,0,275778,0.42,0,10,933,171,53,13,0,0,0,0,3,기타,의학·건강,0,0,0,0,0,0,0.0,"글 제목부터... ""의사형들 증원 맛 좀 보라구!!""",
un_ni_tip,DHlQdfaCGh7,20250324,1569,0,463051,0.34,0,3,409,139,42,8,1,0,0,1,3,정보성_가이드,증상·질환,0,0,0,0,0,0,1.43,혈당스파이크 걱정 없는 과일 식단🍎,"언니가 알려주는 유용한 꿀팁 A-Z까지💕
트렌디한 여자들의 대표 커뮤니티
.
✉️Contact mail
ad@feedkorea.kr"
ppt_hunter,Cwerb-LyWDy,20230828,1195,0,388011,0.31,0,7,983,304,56,26,0,0,1,0,2,정보성_가이드,기타,0,0,0,0,0,0,0.0,진짜 100에 98은 첫번째 화살표만쓰는부분인거 ㅇㅈ?,⬇️ 사냥꾼 비즈니스 문의 💕
singlesmagazine,CxE2kAHBPEf,20230912,6117,0,2348682,0.26,0,10,968,711,11,1,0,0,0,0,14,정보성_가이드,영양제·식품,0,0,0,0,0,0,0.54,#제작지원,for every SINGLE day
un_ni_tip,DPc3l6egWho,20251006,1180,0,463051,0.25,0,10,213,117,41,6,1,0,0,1,3,정보성_가이드,의학·건강,0,0,0,0,0,0,1.67,각 전공별 의사가 절대 안하는 것!🩺,"언니가 알려주는 유용한 꿀팁 A-Z까지💕
트렌디한 여자들의 대표 커뮤니티
.
✉️Contact mail
ad@feedkorea.kr"
un_ni_tip,DOni-RXDMhX,20250915,1113,0,463051,0.24,0,3,234,115,26,7,1,0,0,1,3,정보성_가이드,의학·건강,0,0,0,0,0,0,1.64,2030 여성 필수 영양제💊,"언니가 알려주는 유용한 꿀팁 A-Z까지💕
트렌디한 여자들의 대표 커뮤니티
.
✉️Contact mail
ad@feedkorea.kr"
eyesmag,DVQQAu7iTZS,20260227,2829,0,1300774,0.22,0,3,69,526,6,1,1,0,0,0,1,광고·이벤트,다이어트·체중,0,0,0,0,0,0,1.48,#광고,패션&라이프스타일 웹 매거진
un_ni_tip,DI5Q4W5MtjK,20250426,1027,0,463051,0.22,0,3,376,158,42,8,1,0,0,1,3,정보성_가이드,증상·질환,0,0,0,0,0,0,1.25,혈당스파이크 바로 폭발하는 음식 50😨,"언니가 알려주는 유용한 꿀팁 A-Z까지💕
트렌디한 여자들의 대표 커뮤니티
.
✉️Contact mail
ad@feedkorea.kr"
cosmopolitankorea,DDYc-t2PoVn,20241210,5060,0,2387619,0.21,0,2,513,604,13,13,1,0,0,0,9,기타,영양제·식품,0,0,0,0,0,0,0.84,#제작비지원,"코스모폴리탄 5월호 커버, 아이유&이연 이 조합 기다렸어요🩷
코스모폴리탄 6월호 글로벌 커버는 무려무려 올리비아 로드리고👑"
pinkgabong,CyIwBEZplLF,20231008,1336,0,665643,0.2,0,10,942,3228,42,11,0,0,0,1,77,광고·이벤트,다이어트·체중,1,1,0,0,0,1,3.29,⏰잠시후 0시 3차오픈⏰ 애사비콤부차&구미💜,"💜비키니프로👙무게말고 개그치고싶은언니💪🏽
❤️YouTube 유가연(가봉tv)❤"
h1003141592,C9D9SsLSCP9,20240706,1344,0,713191,0.19,0,4,670,650,70,0,2,0,0,0,11,정보성_가이드,의학·건강,0,0,0,1,0,0,2.02,다이어터가 꼭 알아야할 영양정보 with 구름약사님 @gureumpharm ,"📍초등교사 출신, -14kg 감량🥺,서울대학교 석사
📍여리여리탄탄하게! 36만 유튜버
📍(오프라인) 초밀착 PT(온라인) 라인온 PT
📍운동만 "
mama__home_,DWu4Hg8EqUd,20260405,1069,0,560594,0.19,0,9,32,1136,62,0,0,0,0,0,29,광고·이벤트,의학·건강,0,0,0,0,0,0,0.7,기버터 좋은건 알지만 가격땜에 부담이셨던 마마님들~,"쓸모있는 살림을 제안합니다.
DM은 확인이 어렵습니다🚫
⠀
📌마마홈 진행 공구상품보기"
cosmopolitankorea,C-RorYCv8GQ,20240805,4191,0,2387619,0.18,0,4,640,1246,6,7,1,0,0,0,17,광고·이벤트,영양제·식품,0,0,0,1,0,0,0.45,#광고,"코스모폴리탄 5월호 커버, 아이유&이연 이 조합 기다렸어요🩷
코스모폴리탄 6월호 글로벌 커버는 무려무려 올리비아 로드리고👑"
gq_korea,DQlPGIGEYlw,20251103,3347,0,1849301,0.18,0,4,185,341,13,4,1,0,0,0,6,기타,증상·질환,0,0,0,0,0,0,0.0,𝘿𝘼𝙄𝙇𝙔 𝙋𝘼𝙏𝙏𝙀𝙍𝙉,𝗚𝗤 𝗦𝗔𝗟𝗢𝗡 𝘄𝗶𝘁𝗵 𝗬𝗮𝗻𝗴 𝗧𝗲𝗼 신청 링크🔻
fastpapermag,C5PXfdSP4-4,20240402,1242,0,963172,0.13,0,10,765,537,62,9,0,0,0,0,15,매체·뉴스,의학·건강,0,0,0,0,0,0,3.4,"패스트페이퍼가 정리한, 오늘 아침 꼭 읽어야 할 뉴스 10개","패션 & 컬처 데일리 디지털 매거진
Published by Doosan Magazine"
_tripgoing,DUIZDYykzsW,20260130,1187,0,923587,0.13,0,12,97,647,621,1,2,0,0,1,2,광고·이벤트,영양제·식품,0,0,0,0,0,0,0.57,#광고 올리브영(@oliveyoung_official)에 5천 원대 가성비 영양제 라인이 출시됐습니다.💊 C,"New Lifestyle Magazine <Tripgoing>
⠀
Contact : info@tripgoingkr.com"
omuk.official,CtYgD4fJQPz,20230612,1444,0,1374876,0.11,0,10,1060,537,34,26,0,0,0,1,10,정보성_가이드,영양제·식품,1,0,0,0,0,0,1.06,곰돌이모양🧸노티드 비타민젤리🧸,"대한민국 No.1 Food Magazine 오늘 뭐 먹지?
팔로우하시고 신상/맛집/레시피/F&B이슈 받아보세요🙏🏻"
